{"cameraMode":{"drawMode":0,"name":"Shaded","section":"Shading Mode"},"sceneLighting":true,"audioPlay":false,"sceneViewState":{"m_AlwaysRefresh":false,"showFog":true,"showSkybox":true,"showFlares":true,"showImageEffects":true,"showParticleSystems":true,"showVisualEffectGraphs":true,"m_FxEnabled":true},"in2DMode":false,"pivot":{"x":89.16008758544922,"y":135.00970458984376,"z":-186.05813598632813},"rotation":{"x":-0.22924311459064485,"y":0.18754275143146516,"z":-0.04506276920437813,"w":-0.9540671110153198},"size":23.87961769104004,"orthographic":false}